CHG TSX,CHG Oil,CHG Gold,CHG Price,Norm_Gold,Norm_Oil,Norm_TSX,TSX,Gold,Crude,Avg TSX,Norm AVG_TSX,CAD Price,AVG Price
-70.3,1.13,2.8,0.0112,0.4458,0.4909,0.484,14163.90039,"1,315.30",46.54,14229,0,0.7365,0.7389
-18.3,1.2,42.75,0.0107,0.8192,0.4962,0.5607,14294.09961,"1,326.10",47.09,14322.84961,0.03284027,0.7413,0.7445
187.7,1.42,2.1,0.0056,0.4393,0.513,0.8648,14351.59961,"1,317.40",47.96,14411.29981,0.063791153,0.7477,0.74985
176.9,1.43,-4.6,0.0051,0.3766,0.5137,0.8489,14471,"1,321.50",48.52,14540.75,0.109088937,0.752,0.75265
258.9,1.82,0,0.0022,0.4196,0.5434,0.9699,14610.5,"1,317.40",49.78,14639.5,0.143643973,0.7533,0.7552
197.5,3.84,2,-0.0033,0.4383,0.6974,0.8793,14668.5,"1,323.50",52.36,14719.6001,0.171672954,0.7571,0.7563
160.2,2.81,1.8,-0.0028,0.4364,0.6189,0.8242,14770.7002,"1,319.20",52.59,14822.4502,0.207662715,0.7555,0.75465
205.7,-0.77,-2.2,0,0.3991,0.346,0.8914,14874.2002,"1,321.30",51.59,14877.6001,0.226961011,0.7538,0.75325
110.3,-2.08,4.1,0.0017,0.4579,0.2462,0.7506,14881,"1,323.30",50.51,14941.5,0.249321147,0.7527,0.75325
127.8,0.52,-1.6,-0.0006,0.4047,0.4444,0.7764,15002,"1,319.70",52.11,15037.14991,0.282791384,0.7538,0.7541
191.3,1.8,1.8,-0.0002,0.4364,0.5419,0.8701,15072.29981,"1,325.10",52.31,15074.69971,0.295930977,0.7544,0.7538
75.1,-0.04,3.9,-0.0009,0.4561,0.4017,0.6986,15077.09961,"1,323.60",52.07,15186.04981,0.334895094,0.7532,0.7537
222.7,1.49,-11.3,-0.0053,0.314,0.5183,0.9165,15295,"1,313.80",53.8,15297.7002,0.373964292,0.7542,0.75325
223.3,2.17,-44.55,-0.0027,0.0033,0.5701,0.9173,15300.40039,"1,279.05",54.24,15288.3501,0.370692465,0.7523,0.7506
-18.7,-1.23,0.4,0.0002,0.4234,0.311,0.5601,15276.29981,"1,314.20",52.57,15276.00001,0.366370866,0.7489,0.74925
-24.7,-1.62,36.15,0.0069,0.7575,0.2813,0.5513,15275.7002,"1,315.20",52.62,15238.6001,0.353283726,0.7496,0.74935
-74.8,0.56,-3.4,0.0051,0.3879,0.4474,0.4773,15201.5,"1,310.80",53.13,15275.8501,0.36631841,0.7491,0.7528
74.5,1.07,13.9,-0.0028,0.5495,0.4863,0.6977,15350.2002,"1,329.10",53.69,15319.64991,0.381645031,0.7565,0.75535
87.6,-1.14,23.7,0.0063,0.6411,0.3178,0.717,15289.09961,"1,334.50",51.99,15351.89991,0.392930094,0.7542,0.75395
64.5,-0.38,11.1,0.0084,0.5234,0.3758,0.683,15414.7002,"1,340.20",53.31,15454.0503,0.428675009,0.7537,0.7571
204.3,2.24,6,0.0028,0.4757,0.5755,0.8893,15493.40039,"1,340.50",54.23,15500.40039,0.444894039,0.7605,0.7613
92.7,0.48,9.8,0.0007,0.5112,0.4413,0.7246,15507.40039,"1,350.00",53.79,15534.8501,0.456948834,0.7621,0.7627
68.9,1.03,6.6,-0.0014,0.4813,0.4832,0.6894,15562.29981,"1,347.10",55.26,15544.8501,0.460448078,0.7633,0.76305
20,0.77,-5.7,-0.006,0.3664,0.4634,0.6173,15527.40039,"1,344.30",54.56,15579.6001,0.472607952,0.7628,0.76235
69.5,-1.6,-2.5,-0.0103,0.3963,0.2828,0.6903,15631.79981,"1,344.60",53.66,15655.8501,0.499289688,0.7619,0.75935
152.5,-0.55,-4.6,-0.0037,0.3766,0.3628,0.8128,15679.90039,"1,339.70",54.01,15688.75,0.510802167,0.7568,0.7542
65.8,-1.02,-5.2,0.0001,0.371,0.327,0.6849,15697.59961,"1,339.40",52.64,15672.94971,0.505273259,0.7516,0.75235
-31.6,-1.29,4,0.0023,0.457,0.3064,0.5411,15648.29981,"1,343.70",52.72,15654.39991,0.49878223,0.7531,0.7524
-37.1,-0.23,-2.4,0.0027,0.3972,0.3872,0.533,15660.5,"1,337.00",52.41,15636.79981,0.492623525,0.7517,0.75355
-35.2,0.38,-4.8,-0.0031,0.3748,0.4337,0.5358,15613.09961,"1,338.90",53.1,15646.14991,0.495895353,0.7554,0.7549
18.7,1.49,3.1,0.0006,0.4486,0.5183,0.6154,15679.2002,"1,340.10",53.9,15650.75001,0.497505041,0.7544,0.75335
9.2,1.31,-0.2,0.0048,0.4178,0.5046,0.6013,15622.29981,"1,338.70",54.41,15696.14991,0.513391574,0.7523,0.75365
90.8,1.69,6.7,0.004,0.4822,0.5335,0.7218,15770,"1,346.80",55.59,15813.4502,0.55443781,0.755,0.75605
234.6,1.68,30.9,-0.0013,0.7084,0.5328,0.934,15856.90039,"1,369.60",56.09,15899.90039,0.584688844,0.7571,0.75805
172.9,1.33,25.7,0.0022,0.6598,0.5061,0.843,15942.90039,"1,372.50",56.92,15972.40039,0.610058364,0.759,0.7574
145,0.87,-17.2,0.0023,0.2589,0.471,0.8018,16001.90039,"1,352.40",56.96,16020.15039,0.626767255,0.7558,0.7585
95.5,0.34,-14.9,-0.0019,0.2804,0.4306,0.7287,16038.40039,"1,357.60",57.26,16044.7002,0.635357831,0.7612,0.75965
49.1,-1.48,1.8,0.0019,0.4364,0.2919,0.6602,16051,"1,354.20",55.48,16051,0.637562287,0.7581,0.7587
12.6,-1.76,-4.2,0.0001,0.3804,0.2706,0.6063,16051,"1,353.40",55.5,16047.39991,0.636302525,0.7593,0.75965
-7.2,1.46,-8.2,-0.0079,0.343,0.516,0.5771,16043.79981,"1,346.00",56.94,16049.29981,0.636967349,0.76,0.7597
3.8,1.72,-12.4,-0.0077,0.3037,0.5358,0.5934,16054.79981,"1,341.00",57.22,16070.54981,0.644403242,0.7594,0.75575
42.5,-1.14,-22.2,-0.0029,0.2121,0.3178,0.6505,16086.29981,"1,323.80",55.8,16087.44971,0.65031693,0.7521,0.7519
33.8,-0.63,-29.1,-0.0078,0.1477,0.3567,0.6376,16088.59961,"1,311.90",56.59,16082.94971,0.64874227,0.7517,0.75045
-9,0.76,-14.7,-0.006,0.2822,0.4627,0.5745,16077.29981,"1,309.10",56.56,16088.00001,0.650509492,0.7492,0.74655
10.1,-0.37,0.3,0.0015,0.4224,0.3765,0.6027,16098.7002,"1,312.20",56.22,16088.8501,0.650806961,0.7439,0.74355
1.7,0.1,1.6,0.0034,0.4346,0.4123,0.5903,16079,"1,310.70",56.66,16018.54981,0.626207171,0.7432,0.7443
-140.6,-0.15,12.1,0.0035,0.5327,0.3933,0.3802,15958.09961,"1,324.30",56.07,15993.09961,0.617301526,0.7454,0.746
-50.9,0.13,5,0.0049,0.4664,0.4146,0.5126,16028.09961,"1,315.70",56.79,16085.34961,0.649582054,0.7466,0.74775
184.5,0.8,-1.9,0.001,0.4019,0.4657,0.8601,16142.59961,"1,322.40",56.87,16167.84961,0.678450818,0.7489,0.7502
165,1.47,18.1,-0.0015,0.5888,0.5168,0.8313,16193.09961,"1,333.80",58.26,16166.25,0.677891076,0.7515,0.7507
-3.2,1.74,-3,0.0001,0.3916,0.5373,0.583,16139.40039,"1,319.40",58.61,16148.0503,0.671522554,0.7499,0.74995
-36.4,0.26,-6.7,0.0007,0.357,0.4245,0.534,16156.7002,"1,327.10",58.52,16152.89991,0.673219551,0.75,0.75
9.7,0.48,6.4,0.0016,0.4794,0.4413,0.6021,16149.09961,"1,325.80",59.09,16212.19971,0.693970001,0.75,0.75035
118.6,0.51,3.8,-0.0022,0.4551,0.4436,0.7628,16275.29981,"1,330.90",59.03,16221.75001,0.697311882,0.7507,0.75115
19.1,0.74,0,-0.0069,0.4196,0.4611,0.6159,16168.2002,"1,325.80",59.83,16158.50001,0.675179163,0.7516,0.75005
-126.5,0.95,0.7,-0.0025,0.4262,0.4771,0.401,16148.79981,"1,331.60",59.98,16160.8501,0.676001519,0.7485,0.7466
4.7,-0.79,10.7,0.0024,0.5196,0.3445,0.5947,16172.90039,"1,336.50",59.04,16119.6001,0.661567136,0.7447,0.74535
-82.5,-1.16,15.1,-0.0003,0.5607,0.3163,0.466,16066.29981,"1,346.70",58.82,16102.6001,0.655618421,0.746,0.74655
-34,0.9,2.7,-0.003,0.4449,0.4733,0.5376,16138.90039,"1,339.20",59.94,16143.15039,0.669807958,0.7471,0.7464
81.1,0.59,-12,0.0036,0.3075,0.4497,0.7075,16147.40039,"1,334.70",59.41,16120.75,0.661969515,0.7457,0.7449
-44.8,-0.64,-25.9,0.0073,0.1776,0.3559,0.5216,16094.09961,"1,313.30",59.3,16147.19971,0.671224914,0.7441,0.7467
52.9,0.73,-18.2,0.0005,0.2495,0.4604,0.6658,16200.29981,"1,316.50",60.14,16194.1001,0.687636506,0.7493,0.75035
93.8,2.29,-0.9,-0.0021,0.4112,0.5793,0.7262,16187.90039,"1,312.40",61.59,16214.15039,0.694652592,0.7514,0.7506
40.1,2.44,-3.1,-0.0013,0.3907,0.5907,0.6469,16240.40039,"1,313.40",62.58,16268.2002,0.713565938,0.7498,0.74955
108.1,0.87,0.9,-0.0022,0.428,0.471,0.7473,16296,"1,313.30",62.46,16293,0.722243995,0.7493,0.7489
49.6,-0.48,-1.2,0.0025,0.4084,0.3681,0.661,16290,"1,312.20",62.1,16313.9502,0.72957498,0.7485,0.7478
41.9,0.62,0.4,0.0032,0.4234,0.452,0.6496,16337.90039,"1,313.70",63.08,16355.5,0.744114271,0.7471,0.74905
83.1,2.3,7.7,-0.0003,0.4916,0.58,0.7104,16373.09961,"1,319.90",64.4,16356.84961,0.744586533,0.751,0.75065
2.7,0.9,12.6,-0.0033,0.5374,0.4733,0.5917,16340.59961,"1,326.30",63.98,16354.79981,0.743869256,0.7503,0.7505
-4.1,0.21,12,0,0.5318,0.4207,0.5817,16369,"1,331.90",64.61,16390.90039,0.756501732,0.7507,0.74885
72.2,-0.4,-15,0.0013,0.2794,0.3742,0.6943,16412.80078,"1,311.30",63.58,16443.35059,0.774855336,0.747,0.74885
104.9,-0.72,-18.5,-0.0017,0.2467,0.3498,0.7426,16473.90039,"1,313.40",63.89,16466.90039,0.783095988,0.7507,0.7495
47.1,-0.18,-1.9,0.0013,0.4019,0.391,0.6573,16459.90039,"1,309.40",63.4,16498.79981,0.794258372,0.7483,0.74865
63.8,0.16,-18.2,-0.0014,0.2495,0.4169,0.6819,16537.69922,"1,295.20",64.05,16536.79981,0.8075555,0.749,0.7493
76,0.36,-14.7,-0.0003,0.2822,0.4322,0.6999,16535.90039,"1,294.70",63.76,16547.2002,0.81119485,0.7496,0.7486
20.8,-0.05,-1.1,-0.0026,0.4093,0.4009,0.6185,16558.5,"1,294.10",64,16582.84961,0.823669451,0.7476,0.74845
71.3,1.94,1.1,-0.0081,0.4299,0.5526,0.693,16607.19922,"1,295.80",65.7,16599.39942,0.829460632,0.7493,0.74715
33.1,2.3,-2.9,-0.0034,0.3925,0.58,0.6366,16591.59961,"1,291.20",66.3,16616.84961,0.835566881,0.745,0.7431
34.9,0.19,1.6,0.002,0.4346,0.4192,0.6393,16642.09961,"1,297.40",65.89,16604.64942,0.831297735,0.7412,0.7414
-24.4,-1.09,6.5,0.0014,0.4804,0.3216,0.5517,16567.19922,"1,297.70",65.21,16560.75,0.815936258,0.7416,0.7424
-87.8,-2.59,9.4,0.0039,0.5075,0.2073,0.4582,16554.30078,"1,306.80",63.3,16583.2002,0.823792129,0.7432,0.7431
44.9,-1.71,1.7,0.0009,0.4355,0.2744,0.654,16612.09961,"1,299.40",63.5,16597.39942,0.828760783,0.743,0.74505
28.4,0.61,-3.2,-0.005,0.3897,0.4512,0.6297,16582.69922,"1,303.60",63.91,16581.64942,0.823249473,0.7471,0.7455
-31.5,0.1,2.8,0.0012,0.4458,0.4123,0.5413,16580.59961,"1,302.20",63.6,16532.79981,0.806155802,0.7439,0.743
-97.7,-2.1,-13.7,0.0015,0.2916,0.2447,0.4435,16485,"1,289.90",61.81,16476.34961,0.786402501,0.7421,0.7436
-112.9,-1.66,-3,-0.0029,0.3916,0.2782,0.4211,16467.69922,"1,299.20",61.94,16400.24952,0.759773219,0.7451,0.74435
-152.2,0.44,11.9,-0.0017,0.5308,0.4383,0.3631,16332.79981,"1,301.80",62.25,16355.39991,0.744079246,0.7436,0.7429
-89.7,-0.54,4.4,-0.0003,0.4607,0.3636,0.4554,16378,"1,303.60",61.4,16363.54981,0.746931095,0.7422,0.74205
16.3,-0.13,-2.3,0.0037,0.3981,0.3948,0.6118,16349.09961,"1,299.50",62.12,16345.59961,0.740649883,0.7419,0.7419
-35.9,0.3,-0.4,0.0001,0.4159,0.4276,0.5348,16342.09961,"1,303.20",61.7,16310.19971,0.728262594,0.7419,0.74375
-70.8,-0.46,5.8,-0.0027,0.4738,0.3697,0.4832,16278.29981,"1,305.30",61.66,16218.25001,0.696087147,0.7456,0.7438
-183.9,-0.66,16.3,0.0022,0.572,0.3544,0.3163,16158.2002,"1,319.50",61.04,16192.8003,0.687181672,0.742,0.74245
-50.9,0.12,8.3,0,0.4972,0.4139,0.5126,16227.40039,"1,313.60",61.78,16232.6001,0.701108596,0.7429,0.74355
79.6,0.98,-4.4,-0.0011,0.3785,0.4794,0.7052,16237.79981,"1,315.10",62.02,16299.44971,0.724500906,0.7442,0.74355
133.7,1.09,-10.1,0.003,0.3252,0.4878,0.7851,16361.09961,"1,303.50",62.87,16372.29981,0.749992933,0.7429,0.743
145.7,0.74,-22.1,0.0015,0.2131,0.4611,0.8028,16383.5,"1,293.00",62.76,16383.39991,0.753877129,0.7431,0.7445
22.2,0.12,-13.1,-0.0037,0.2972,0.4139,0.6205,16383.29981,"1,290.40",62.99,16364.54981,0.747281021,0.7459,0.74525
-37.7,-1.34,-1.6,-0.0005,0.4047,0.3026,0.5321,16345.79981,"1,291.40",61.42,16287.14991,0.720196904,0.7446,0.7434
-154.8,-5.08,12.3,0.0017,0.5346,0.0175,0.3593,16228.5,"1,302.70",57.91,16225.1001,0.698484162,0.7422,0.74315
-124.1,-2.79,9.6,-0.0029,0.5093,0.1921,0.4046,16221.7002,"1,301.00",58.63,16231.5503,0.700741243,0.7441,0.744
12.9,1.25,-17.75,-0.0043,0.2537,0.5,0.6068,16241.40039,"1,284.95",59.16,16284.15039,0.719147301,0.7439,0.74255
105.2,0.51,-6.7,-0.0004,0.357,0.4436,0.743,16326.90039,"1,294.30",59.14,16261.4502,0.711203948,0.7412,0.7404
-45.4,-0.35,12.95,0.0004,0.5407,0.378,0.5207,16196,"1,297.90",58.81,16170.4502,0.679360826,0.7396,0.7402
-182,-2.55,9.8,0.0035,0.5112,0.2104,0.3191,16144.90039,"1,304.10",56.59,16071.3003,0.644665855,0.7408,0.7404
-198.3,-5.31,24.7,0.0067,0.6505,0,0.2951,15997.7002,"1,322.60",53.5,16025.6001,0.628674241,0.74,0.74215
-91.4,-3.34,35.2,0.0011,0.7486,0.1502,0.4528,16053.5,"1,339.30",53.25,16064.54981,0.642303694,0.7443,0.7455
77.9,-0.02,17.5,0.0017,0.5832,0.4032,0.7027,16075.59961,"1,340.10",53.48,16147.54981,0.671347421,0.7467,0.74605
166,-1.57,5.6,0.0084,0.472,0.2851,0.8328,16219.5,"1,344.90",51.68,16228.4502,0.699656442,0.7454,0.7469
161.8,-0.89,13.9,0.0054,0.5495,0.3369,0.8266,16237.40039,"1,354.00",52.59,16237.3501,0.702770737,0.7484,0.7511
17.8,2.31,12.5,-0.0008,0.5364,0.5808,0.614,16237.29981,"1,357.40",53.99,16235.8501,0.70224585,0.7538,0.7538
-3,0.67,-13.3,-0.0044,0.2953,0.4558,0.5833,16234.40039,"1,340.70",53.26,16262.25,0.711483819,0.7538,0.7534
52.8,-0.72,-14.7,-0.0026,0.2822,0.3498,0.6657,16290.09961,"1,342.70",53.27,16245.89991,0.705762522,0.753,0.7512
-32.7,-2.12,7.5,-0.0038,0.4897,0.2431,0.5395,16201.7002,"1,348.20",51.14,16231.39991,0.700688618,0.7494,0.7499
-29,-0.99,12.4,-0.0047,0.5355,0.3293,0.5449,16261.09961,"1,355.10",52.28,16244.59961,0.705307517,0.7504,0.748
26.4,1.37,7.7,0.0019,0.4916,0.5091,0.6267,16228.09961,"1,355.90",52.51,16264.89991,0.712411086,0.7456,0.74565
40.6,-0.35,-0.9,0.0073,0.4112,0.378,0.6477,16301.7002,"1,354.20",51.93,16376.6001,0.751497711,0.7457,0.7466
223.4,1.39,6.2,0.0107,0.4776,0.5107,0.9175,16451.5,"1,362.10",53.9,16483.4502,0.788887169,0.7475,0.75025
213.7,1.83,5.9,0.0032,0.4748,0.5442,0.9032,16515.40039,"1,360.10",53.76,16550.65039,0.812402158,0.753,0.7556
134.4,2.75,46.2,0.0006,0.8514,0.6143,0.7861,16585.90039,"1,408.30",56.65,16572.40039,0.820013014,0.7582,0.7572
43.5,3.67,51.1,0.0033,0.8972,0.6845,0.652,16558.90039,"1,411.20",57.43,16543,0.809725099,0.7562,0.7575
-58.8,1.25,21.2,0.003,0.6178,0.5,0.501,16527.09961,"1,429.50",57.9,16515.84961,0.800224515,0.7588,0.75915
-54.3,0.4,18.9,0.0042,0.5963,0.4352,0.5076,16504.59961,"1,430.10",57.83,16449.25,0.776919685,0.7595,0.76065
-133.2,1.48,-2.7,0.002,0.3944,0.5175,0.3911,16393.90039,"1,426.80",59.38,16350.3003,0.742294768,0.7618,0.76275
-197.9,1.6,-6.7,-0.0006,0.357,0.5267,0.2956,16306.7002,"1,423.40",59.43,16317.7002,0.730887198,0.7637,0.76375
-65.2,-0.91,-1.7,0.0021,0.4037,0.3354,0.4915,16328.7002,"1,425.10",58.47,16396.14991,0.758338666,0.7638,0.76345
156.9,-3.18,-3.6,0.003,0.386,0.1623,0.8193,16463.59961,"1,419.80",56.25,16475.14942,0.785982523,0.7631,0.7645
158,-1.13,7.8,-0.0015,0.4925,0.3186,0.821,16486.69922,"1,432.90",57.34,16528.5,0.804651195,0.7659,0.766
106.7,0.55,3.75,-0.0024,0.4547,0.4466,0.7452,16570.30078,"1,423.55",56.8,16549.85059,0.812122286,0.7661,0.76525
42.7,0.17,-20.8,-0.0026,0.2252,0.4177,0.6508,16529.40039,"1,412.10",57.51,16501.35059,0.795150952,0.7644,0.76405
-97,0.86,-11.35,0.0007,0.3136,0.4703,0.4446,16473.30078,"1,412.20",57.66,16455,0.778931751,0.7637,0.76275
-92.7,0.32,0.7,0.003,0.4262,0.4291,0.4509,16436.69922,"1,412.80",57.83,16509.34961,0.797950006,0.7618,0.7631
108.7,2.77,12.7,0.003,0.5383,0.6159,0.7482,16582,"1,424.90",60.43,16572.9502,0.820205404,0.7644,0.7646
127.2,2.37,6.5,0.0015,0.4804,0.5854,0.7755,16563.90039,"1,419.30",60.2,16544.9502,0.81040752,0.7648,0.7661
-56,-0.22,-0.1,-0.0033,0.4187,0.388,0.5051,16526,"1,424.80",60.21,16515.79981,0.800207087,0.7674,0.76685
-58.3,-0.62,6.8,0,0.4832,0.3575,0.5017,16505.59961,"1,426.10",59.58,16496.29981,0.793383561,0.7663,0.7652
-39,-2.59,-1.2,0.0036,0.4084,0.2073,0.5302,16487,"1,423.60",57.62,16498.04981,0.793995929,0.7641,0.7652
3.5,-2.8,9.8,-0.0007,0.5112,0.1913,0.5929,16509.09961,"1,435.90",56.78,16487,0.790129332,0.7663,0.767
-22.1,-2.32,17.2,-0.0055,0.5804,0.2279,0.5551,16464.90039,"1,440.80",55.3,16500.90039,0.794993418,0.7677,0.76665
27.8,-1.15,3.5,-0.0042,0.4523,0.3171,0.6288,16536.90039,"1,439.40",55.63,16520.90039,0.801991906,0.7656,0.7639
40,0.92,-1.1,-0.0013,0.4093,0.4748,0.6468,16504.90039,"1,439.70",56.22,16543.7002,0.809970115,0.7622,0.7618
45.6,1.14,-4.9,-0.0017,0.3738,0.4916,0.6551,16582.5,"1,434.50",56.77,16559.29981,0.815428799,0.7614,0.76115
31.2,-0.34,-3.2,-0.0014,0.3897,0.3788,0.6338,16536.09961,"1,436.50",55.88,16574.59961,0.820782574,0.7609,0.7603
30.6,-0.75,-7,0,0.3542,0.3476,0.6329,16613.09961,"1,427.50",56.02,16572.9502,0.820205404,0.7597,0.7596
-3.3,0.32,-4.3,0.0011,0.3794,0.4291,0.5829,16532.80078,"1,432.20",56.2,16541.10059,0.809060448,0.7595,0.7596
-63.7,0.85,5.8,-0.0016,0.4738,0.4695,0.4937,16549.40039,"1,433.30",56.87,16491.4502,0.791686564,0.7597,0.76015
-99.3,1.85,9.6,-0.0037,0.5093,0.5457,0.4412,16433.5,"1,441.80",58.05,16440.40039,0.773822991,0.7606,0.75935
-102.1,1.71,4.5,-0.0009,0.4617,0.5351,0.437,16447.30078,"1,437.80",58.58,16418.25,0.766072028,0.7581,0.7575
-44.3,-4.1,-9.4,-0.0039,0.3318,0.0922,0.5224,16389.19922,"1,432.40",53.95,16378.89942,0.752302298,0.7569,0.75705
-78.7,-2.92,19.7,-0.0054,0.6037,0.1822,0.4716,16368.59961,"1,457.50",55.66,16239.79981,0.703627948,0.7572,0.7551
-278.2,-0.32,51.8,0.0031,0.9037,0.3803,0.1771,16111,"1,484.20",53.63,16101.8501,0.655355978,0.753,0.7524
-275.9,-4.57,62.1,0.0042,1,0.0564,0.1805,16092.7002,"1,519.60",51.09,16198.7002,0.689246193,0.7518,0.75395
193.7,-1.09,25.3,-0.0008,0.6561,0.3216,0.8737,16304.7002,"1,509.50",52.54,16338.3501,0.738113103,0.7561,0.75605
279.3,3.41,-11.1,0.0002,0.3159,0.6646,1,16372,"1,508.50",54.5,16348.79981,0.741769709,0.756,0.75565
20.9,2.39,7.7,-0.0045,0.4916,0.5869,0.6186,16325.59961,"1,517.20",54.93,16280.44971,0.717852342,0.7553,0.75575
-136.7,2.6,5.6,-0.0049,0.472,0.6029,0.386,16235.29981,"1,514.10",57.1,16223.89991,0.698064185,0.7562,0.7535
-113.1,0.3,10.6,0.0027,0.5187,0.4276,0.4208,16212.5,"1,527.80",55.23,16119.6001,0.661567136,0.7508,0.75105
-208.6,-2.63,17.1,-0.0008,0.5794,0.2043,0.2799,16026.7002,"1,531.20",54.47,16045.5503,0.635655302,0.7513,0.7524
-148.1,-0.36,-4.2,-0.0025,0.3804,0.3773,0.3692,16064.40039,"1,523.60",54.87,16141.3501,0.669177993,0.7535,0.752
191.6,1.74,-19.6,0.0019,0.2364,0.5373,0.8706,16218.29981,"1,511.60",56.21,16249.8501,0.707144792,0.7505,0.75075
217,1.47,-7.9,0.0007,0.3458,0.5168,0.908,16281.40039,"1,515.70",56.34,16264.4502,0.712253721,0.751,0.7517
29.2,-0.53,4.1,0.0005,0.4579,0.3643,0.6308,16247.5,"1,515.70",55.68,16280.75,0.717957421,0.7524,0.75205
32.6,-0.99,-7.2,0.0027,0.3523,0.3293,0.6359,16314,"1,508.50",55.35,16264.39991,0.712236124,0.7517,0.7523
-32.7,-1.51,21.9,0,0.6243,0.2896,0.5395,16214.79981,"1,537.60",54.17,16174.19971,0.680672873,0.7529,0.75365
-180.4,-1.71,28.7,-0.0029,0.6879,0.2744,0.3215,16133.59961,"1,537.20",53.64,16136.04981,0.66732329,0.7544,0.75365
-76.3,0.76,14.2,-0.0002,0.5523,0.4627,0.4751,16138.5,"1,551.80",54.93,16158.6001,0.675214189,0.7529,0.7522
45.1,2.14,11.9,-0.0003,0.5308,0.5678,0.6543,16178.7002,"1,549.10",55.78,16269.50001,0.714020773,0.7515,0.7521
221.8,1.78,-14.9,-0.0027,0.2804,0.5404,0.9151,16360.29981,"1,536.90",56.71,16396.0503,0.75830381,0.7527,0.75195
253.1,-0.68,-19.7,0.005,0.2355,0.3529,0.9613,16431.80078,"1,529.40",55.1,16407.15039,0.762188004,0.7512,0.7506
22.2,-2.77,19,0.006,0.5972,0.1936,0.6205,16382.5,"1,555.90",53.94,16434.75,0.771845781,0.75,0.7531
55.2,1.16,31,0.003,0.7093,0.4931,0.6692,16487,"1,560.40",56.26,16492.75,0.792141397,0.7562,0.7561
116,2.36,-30.4,0.0034,0.1355,0.5846,0.759,16498.5,"1,525.50",56.3,16522.34961,0.802499024,0.756,0.7576
59.2,0.26,-44.9,0.0012,0,0.4245,0.6751,16546.19922,"1,515.50",56.52,16555.69922,0.814168867,0.7592,0.7593
66.7,1.55,-14.4,-0.0014,0.285,0.5229,0.6862,16565.19922,"1,511.10",57.85,16516.25,0.800364621,0.7594,0.7599
-78.9,0.88,-16.3,-0.0034,0.2673,0.4718,0.4713,16467.30078,"1,499.20",57.4,16516.25,0.800364621,0.7604,0.7592
0,-2.1,-7.9,-0.0053,0.3458,0.2447,0.5877,16565.19922,"1,503.20",55.75,16594.64942,0.827798491,0.758,0.7575
156.8,-2.31,8.2,-0.0016,0.4963,0.2287,0.8192,16624.09961,"1,507.40",55.09,16651.9502,0.847849433,0.757,0.75485
114.6,-0.9,-3.7,0.0023,0.385,0.3361,0.7569,16679.80078,"1,499.50",54.85,16693.05078,0.862231531,0.7527,0.75405
82.2,7.81,4.1,-0.0027,0.4579,1,0.7091,16706.30078,"1,511.50",62.9,16722.30078,0.87246682,0.7554,0.7552
58.5,4.49,13.9,-0.001,0.5495,0.747,0.6741,16738.30078,"1,513.40",59.34,16781.40039,0.893147217,0.755,0.75385
118.2,-4.79,4.3,0.0014,0.4598,0.0396,0.7622,16824.5,"1,515.80",58.11,16827.04981,0.909121062,0.7527,0.75335
91.3,-1.21,-7.2,0,0.3523,0.3125,0.7225,16829.59961,"1,506.20",58.13,16863.2002,0.921770966,0.754,0.75405
72.3,-0.02,-0.7,0.0011,0.4131,0.4032,0.6945,16896.80078,"1,515.10",58.09,16883.4502,0.928856935,0.7541,0.75405
40.5,0.51,25.3,-0.0003,0.6561,0.4436,0.6475,16870.09961,"1,531.50",58.64,16873.75,0.9254626,0.754,0.7546
-19.4,-0.8,25.1,-0.0015,0.6542,0.3438,0.5591,16877.40039,"1,540.20",57.29,16824.2002,0.908123913,0.7552,0.75445
-99.1,-2.15,-19.2,0.0013,0.2402,0.2409,0.4415,16771,"1,512.30",56.49,16779.54981,0.892499652,0.7537,0.7537
-89.3,-0.88,-25,0.0015,0.186,0.3377,0.4559,16788.09961,"1,515.20",56.41,16778.75,0.892219781,0.7537,0.75435
-1.6,-0.58,-5.9,0.0014,0.3645,0.3605,0.5854,16769.40039,"1,506.40",55.91,16718.04981,0.8709793,0.755,0.7551
-121.4,-2.34,-42.3,-0.0046,0.0243,0.2264,0.4086,16666.69922,"1,472.90",54.07,16675.14942,0.855967406,0.7552,0.7558
-85.8,-2.29,-17.4,-0.0066,0.257,0.2302,0.4611,16683.59961,"1,489.00",53.62,16542.7002,0.80962019,0.7564,0.7535
-264.9,-1.43,35,0.0004,0.7467,0.2957,0.1968,16401.80078,"1,507.90",52.64,16343.60059,0.739950375,0.7506,0.7502
-398.2,-1.17,24.8,0.0016,0.6514,0.3155,0,16285.40039,"1,513.80",52.45,16336.15039,0.73734337,0.7498,0.7504
-14.9,0.17,5,-0.0006,0.4664,0.4177,0.5658,16386.90039,"1,512.90",52.81,16403.79981,0.761015552,0.751,0.7512
135.3,0.3,-9.4,-0.0014,0.3318,0.4276,0.7875,16420.69922,"1,504.40",52.75,16393.59961,0.757446255,0.7514,0.7509
-20.4,-0.18,-9,0.0019,0.3355,0.391,0.5576,16366.5,"1,503.90",52.63,16356.89991,0.744604132,0.7504,0.7502
-73.4,-0.16,8.4,0.0077,0.4981,0.3925,0.4794,16347.29981,"1,512.80",52.59,16361.3501,0.746161364,0.75,0.75115
8.9,0.92,-3,0.0053,0.3916,0.4748,0.6009,16375.40039,"1,500.90",53.55,16431.29981,0.770638474,0.7523,0.755
139.9,2.11,-24.1,-0.0003,0.1944,0.5655,0.7942,16487.19922,"1,488.70",54.7,16460.44922,0.780838566,0.7577,0.75765
58.3,-0.74,-17.4,0.0036,0.257,0.3483,0.6738,16433.69922,"1,483.50",52.81,16434.39942,0.771723103,0.7576,0.7575
-52.1,-1.34,5.3,0.0045,0.4692,0.3026,0.5108,16435.09961,"1,494.00",53.36,16442.79981,0.774662605,0.7574,0.7593
16.8,1.12,14.8,0.0029,0.5579,0.4901,0.6125,16450.5,"1,498.30",53.93,16451.59961,0.777741871,0.7612,0.76155
17.6,0.42,0.1,0.0019,0.4206,0.4367,0.6137,16452.69922,"1,494.10",53.78,16436.84961,0.772580486,0.7619,0.763
-29.5,-0.62,-10.2,0.0011,0.3243,0.3575,0.5442,16421,"1,488.10",53.31,16445.65039,0.775660094,0.7641,0.76395
17.6,0.38,-6.6,0.0013,0.3579,0.4337,0.6137,16470.30078,"1,487.50",54.16,16428.2002,0.769553845,0.7638,0.7645
-34.9,2.66,7.6,0.0007,0.4907,0.6075,0.5362,16386.09961,"1,495.70",55.97,16383.44971,0.753894557,0.7652,0.76515
-89.5,2.07,17.2,0.001,0.5804,0.5625,0.4556,16380.79981,"1,504.70",56.23,16375.29981,0.751042708,0.7651,0.7655
-16.3,0.69,9.6,-0.0018,0.5093,0.4573,0.5637,16369.79981,"1,505.30",56.66,16402.1001,0.760420784,0.7659,0.766
53.6,-0.42,-8.9,-0.0061,0.3364,0.3727,0.6669,16434.40039,"1,495.80",55.81,16382.65039,0.753614856,0.7661,0.7651
-38.9,-1.12,-14.6,-0.0043,0.2832,0.3194,0.5303,16330.90039,"1,490.70",55.54,16371.7002,0.749783115,0.7641,0.76205
-21.9,-0.75,0.9,0.0012,0.428,0.3476,0.5554,16412.5,"1,496.70",55.06,16442.90039,0.774697802,0.76,0.7599
142.4,-1.36,24.1,0.0006,0.6449,0.3011,0.7979,16473.30078,"1,514.80",54.18,16505.5,0.796602934,0.7598,0.7605
125.2,1.14,14.7,-0.0011,0.557,0.4916,0.7725,16537.69922,"1,511.40",56.2,16591.89942,0.826836199,0.7612,0.7608
172.8,2.36,-3.7,-0.0018,0.385,0.5846,0.8428,16646.09961,"1,511.10",56.54,16655,0.848916634,0.7604,0.76025
126.2,1.03,-27.7,-0.001,0.1607,0.4832,0.774,16663.90039,"1,483.70",57.23,16678.4502,0.85712243,0.7601,0.75935
46.9,-0.19,-18,-0.0026,0.2514,0.3902,0.657,16693,"1,493.10",56.35,16745.15039,0.880462457,0.7586,0.75885
133.4,-0.08,-17.3,-0.0032,0.2579,0.3986,0.7847,16797.30078,"1,466.40",57.15,16796.5,0.898430939,0.7591,0.75755
102.7,0.89,-30.2,-0.0003,0.1374,0.4726,0.7393,16795.69922,"1,462.90",57.24,16815.25,0.904992022,0.756,0.75595
37.5,-0.29,-9.3,-0.0012,0.3327,0.3826,0.6431,16834.80078,"1,457.10",56.86,16866.4502,0.92290822,0.7559,0.7558
102.4,-0.44,-2.3,-0.0009,0.3981,0.3712,0.7389,16898.09961,"1,460.60",56.8,16894.84961,0.932845869,0.7557,0.7552
56.8,0.26,13.1,0.0015,0.5421,0.4245,0.6716,16891.59961,"1,470.20",57.12,16925.75,0.94365867,0.7547,0.75475
61.8,-0.03,19.6,0.0024,0.6028,0.4024,0.679,16959.90039,"1,480.20",56.77,16971.29981,0.959597659,0.7548,0.7555
91.1,0.6,5.2,-0.0025,0.4682,0.4505,0.7222,16982.69922,"1,475.40",57.72,16993.25,0.967278568,0.7562,0.7567
43.9,0.28,-1.4,-0.0055,0.4065,0.4261,0.6525,17003.80078,"1,478.80",57.05,17018.85059,0.976236838,0.7572,0.75545
51.2,-2.51,5.8,-0.001,0.4738,0.2134,0.6633,17033.90039,"1,481.20",55.21,17013,0.974189575,0.7537,0.7527
-11.7,0.06,2.2,0.0001,0.4402,0.4093,0.5705,16992.09961,"1,481.00",57.11,17005.79981,0.971670051,0.7517,0.7522
-14.4,3.37,-10.7,-0.0008,0.3196,0.6616,0.5665,17019.5,"1,470.50",58.58,17016,0.975239348,0.7527,0.75225
20.4,0.66,-10.5,0.0017,0.3215,0.455,0.6179,17012.5,"1,470.50",57.77,16996.54981,0.96843325,0.7518,0.75185
-38.9,-0.57,-6.7,0.0011,0.357,0.3613,0.5303,16980.59961,"1,463.80",58.01,16998.75,0.969203152,0.7519,0.7527
4.4,0.64,-3.1,-0.0005,0.3907,0.4535,0.5942,17016.90039,"1,467.40",58.41,17031.75,0.980750658,0.7535,0.75325
66,0.1,-3,0.0002,0.3916,0.4123,0.6852,17046.59961,"1,460.80",58.11,17066.67981,0.992973449,0.753,0.753
69.86,-0.33,-5.15,-0.0015,0.3715,0.3796,0.6909,17086.76,"1,462.25",58.08,17086.76,1,0.753,0.753
,,,,,,,,,,,,,
,,,,,,,,,,,,,
,,,,,,,,,,,,,
https://finance.yahoo.com/quote/%5EGSPTSE/history?period1=1546232400&period2=1575003600&interval=1d&filter=history&frequency=1d,,,,,,,,,,,,,
https://ca.investing.com/commodities/crude-oil-historical-data,,,,,,,,,,,,,
https://ca.investing.com/commodities/gold-historical-data,,,,,,,,,,,,,
https://ca.investing.com/currencies/cad-usd-historical-data,,,,,,,,,,,,,
